{"packages/cupertino_icons/assets/CupertinoIcons.ttf":["packages/cupertino_icons/assets/CupertinoIcons.ttf"],"packages/fluent_ui/assets/AcrylicNoise.png":["packages/fluent_ui/assets/AcrylicNoise.png"],"packages/fluent_ui/fonts/FluentIcons.ttf":["packages/fluent_ui/fonts/FluentIcons.ttf"],"packages/window_manager/images/ic_chrome_close.png":["packages/window_manager/images/ic_chrome_close.png"],"packages/window_manager/images/ic_chrome_maximize.png":["packages/window_manager/images/ic_chrome_maximize.png"],"packages/window_manager/images/ic_chrome_minimize.png":["packages/window_manager/images/ic_chrome_minimize.png"],"packages/window_manager/images/ic_chrome_unmaximize.png":["packages/window_manager/images/ic_chrome_unmaximize.png"],"packages/yaru/src/text/fonts/Ubuntu-B.ttf":["packages/yaru/src/text/fonts/Ubuntu-B.ttf"],"packages/yaru/src/text/fonts/Ubuntu-BI.ttf":["packages/yaru/src/text/fonts/Ubuntu-BI.ttf"],"packages/yaru/src/text/fonts/Ubuntu-L.ttf":["packages/yaru/src/text/fonts/Ubuntu-L.ttf"],"packages/yaru/src/text/fonts/Ubuntu-LI.ttf":["packages/yaru/src/text/fonts/Ubuntu-LI.ttf"],"packages/yaru/src/text/fonts/Ubuntu-M.ttf":["packages/yaru/src/text/fonts/Ubuntu-M.ttf"],"packages/yaru/src/text/fonts/Ubuntu-MI.ttf":["packages/yaru/src/text/fonts/Ubuntu-MI.ttf"],"packages/yaru/src/text/fonts/Ubuntu-R.ttf":["packages/yaru/src/text/fonts/Ubuntu-R.ttf"],"packages/yaru/src/text/fonts/Ubuntu-RI.ttf":["packages/yaru/src/text/fonts/Ubuntu-RI.ttf"]}