[{"family":"MaterialIcons","fonts":[{"asset":"fonts/MaterialIcons-Regular.otf"}]},{"family":"packages/yaru/Ubuntu","fonts":[{"weight":300,"asset":"packages/yaru/src/text/fonts/Ubuntu-L.ttf"},{"weight":300,"style":"italic","asset":"packages/yaru/src/text/fonts/Ubuntu-LI.ttf"},{"weight":400,"asset":"packages/yaru/src/text/fonts/Ubuntu-R.ttf"},{"weight":400,"style":"italic","asset":"packages/yaru/src/text/fonts/Ubuntu-RI.ttf"},{"weight":500,"asset":"packages/yaru/src/text/fonts/Ubuntu-M.ttf"},{"weight":500,"style":"italic","asset":"packages/yaru/src/text/fonts/Ubuntu-MI.ttf"},{"weight":700,"asset":"packages/yaru/src/text/fonts/Ubuntu-B.ttf"},{"weight":700,"style":"italic","asset":"packages/yaru/src/text/fonts/Ubuntu-BI.ttf"}]},{"family":"packages/fluent_ui/FluentIcons","fonts":[{"asset":"packages/fluent_ui/fonts/FluentIcons.ttf"}]},{"family":"packages/cupertino_icons/CupertinoIcons","fonts":[{"asset":"packages/cupertino_icons/assets/CupertinoIcons.ttf"}]}]